 Source_Name ,T_Sign
Data.F1111.20220618.csv,-1
Data.F3333.20220618.csv,
Data.F2222.20220618.csv,-1